sha256	size_bytes	mtime_iso	abs_path
147a9b8a2502373d7ddebd5be839db1878138a73d59cd5a86e68f187fa8bba84	3600	2026-02-04T02:58:48	/Users/cosmopax/.gemini/antigravity/brain/b8d70d7c-10a9-4b00-84f0-5987557ce4bb/COMPREHENSIVE_WORKSPACE_STATUS.md.resolved
2e3ea1ba3d0671b8afd824001bf43a7c2c73b1a5c1465b17cb427e03054ea26c	3735	2026-02-04T02:47:05	/Users/cosmopax/.gemini/antigravity/brain/b8d70d7c-10a9-4b00-84f0-5987557ce4bb/codex_handover.md.resolved
4b375807ea35ddb321a9aa84d8c5de638b3e46b38bb314e2cb46c05b4ed7ab00	27331	2026-02-03T20:28:07	/Users/cosmopax/Desktop/projx/reddit_hackathon_games/.agent/knowledge/imported_research/AG_setup/Hackathon_Workspace_Setup_Prompt.md
de055e1a106ff2c870d8b75a7166c84ffe356ccf7bbdc62e34aa6a0d5a5776d8	30241	2026-02-03T20:28:06	/Users/cosmopax/Desktop/projx/reddit_hackathon_games/.agent/knowledge/imported_research/AG_setup/Hackathon_Workspace_Setup_Prompt_improved.md
a68e0077ea71d7da1e5a88ab077daf42baa9001575c5415feb5828670fe19226	1085	2026-02-03T20:28:10	/Users/cosmopax/Desktop/projx/reddit_hackathon_games/.agent/knowledge/imported_research/finance/Context__Manga_UI_Architecture.md
65a9d47ecb519101498823aa966db79d6e74c2b22c0362199fa1532c055cf1ad	25921	2026-02-03T20:28:11	/Users/cosmopax/Desktop/projx/reddit_hackathon_games/.agent/knowledge/imported_research/finance/Devvit_Game_Architecture_Guide.md
0c7481a55453d6a87d8b9cce93ca7874d289b0954b117699a15e5422f7aeb590	39340	2026-02-03T20:28:10	/Users/cosmopax/Desktop/projx/reddit_hackathon_games/.agent/knowledge/imported_research/finance/Devvit_Game_Code_Generation.md
93b83703524e4a0b808339aba0775417060cf53efd665ba2cfffff9f388282bb	29424	2026-02-03T20:28:14	/Users/cosmopax/Desktop/projx/reddit_hackathon_games/.agent/knowledge/imported_research/hive_mind/Devvit_Game_Hackathon_Design.md
cdc52b5ecf7809afbf2745c937531b2a400f670baa3cf53c78f9923f0d12ff1b	24973	2026-02-03T20:28:12	/Users/cosmopax/Desktop/projx/reddit_hackathon_games/.agent/knowledge/imported_research/hive_mind/Devvit_Hackathon_Game_Design.md
7d6f5b387cd6455102b7447f2b559e20d6e7a5bb5e50552f820654f02839552e	28212	2026-02-03T20:28:02	/Users/cosmopax/Desktop/projx/reddit_hackathon_games/.agent/knowledge/imported_research/memes/MemeWars__GenAI_Edition_Architecture.md
4d80f63f72eee41822fbe189a103fce7f89e8deb31fb3bb8c11e4b306e9a3439	28724	2026-02-03T20:28:04	/Users/cosmopax/Desktop/projx/reddit_hackathon_games/.agent/knowledge/imported_research/quiz/Devvit_Hackathon__Duel_of_Minds_Architecture.md
03c6fcf8b1f0ff586666aaac7895c93a6ca6063af3ed86b6090a101656326fd4	387	2026-02-03T20:29:23	/Users/cosmopax/Desktop/projx/reddit_hackathon_games/.agent/rules/devvit_constraints.md
5bc746569de00f2337e0a1c3eceffc206008b2f4a9451f3dddf153f6f40a62c8	1631	2026-02-03T21:11:33	/Users/cosmopax/Desktop/projx/reddit_hackathon_games/README.md
0c3365390fc4238c83ba4f28d3f56bfd3cc66df207e27c190034c0ba142316de	377	2026-02-04T02:08:02	/Users/cosmopax/Desktop/projx/reddit_hackathon_games/import_DR/import_documentation/20260204_020801/MANIFEST.json
9d0c0422487e870786e4e4efe9ae55f518a729adf98169cfe84e8701b4a8f81d	5303	2026-02-04T02:08:02	/Users/cosmopax/Desktop/projx/reddit_hackathon_games/import_DR/import_documentation/20260204_020801/devvit_-_README.md
54a526efcaaec9d844116b5d47d1fd67381741589236017b9355febb771c0e40	1228	2026-02-04T02:08:28	/Users/cosmopax/Desktop/projx/reddit_hackathon_games/import_DR/import_documentation/20260204_020801_/Devpost.md
b1faf6c1d0ebf67c47310fc41840a9e6198ef836ffe703cd73485188b1aaa5bf	2129	2026-02-04T02:08:28	/Users/cosmopax/Desktop/projx/reddit_hackathon_games/import_DR/import_documentation/20260204_020801_/Google_Calendar_-_Sign_in_to_Access__amp__Edit_You.md
9b58d16ca1b55e4d46ffc2983d22e964bf711ca1d0d8241f0d7d1279ca639b43	4161	2026-02-04T02:08:28	/Users/cosmopax/Desktop/projx/reddit_hackathon_games/import_DR/import_documentation/20260204_020801_/MANIFEST.json
8c0d1f10bf4ee2c30ac3c94f1fb7c0fd64f4f1c2d42b3d45b6b513e108a4b093	78	2026-02-04T02:08:28	/Users/cosmopax/Desktop/projx/reddit_hackathon_games/import_DR/import_documentation/20260204_020801_/Outlook.md
1c3837c31bad204f40611179431f714bbd847411a947121086367417a3e956c2	863	2026-02-04T02:08:28	/Users/cosmopax/Desktop/projx/reddit_hackathon_games/import_DR/import_documentation/20260204_020801_/The_Reddit_Daily_Games_Hackathon__Join_Reddit_and_.md
623c6c65b7aca593686ac3f2fa9b469cffaf59d1b02408d179fb59a36c617ab6	933	2026-02-04T02:08:28	/Users/cosmopax/Desktop/projx/reddit_hackathon_games/import_DR/import_documentation/20260204_020801_/calendar.md
6325bbb3864f29b67dad181c83d05065bb08157a01431b1a57428ef672879207	2796	2026-02-04T02:26:16	/Users/cosmopax/Desktop/projx/reddit_hackathon_games/import_DR/import_documentation/20260204_020801__/0_11.md
1b27c8705da604f2e050431042063b4e41f17310090a9409bed6693f0a5e62c1	153	2026-02-04T02:26:16	/Users/cosmopax/Desktop/projx/reddit_hackathon_games/import_DR/import_documentation/20260204_020801__/Apps___Reddit_for_Developers.md
fe19048120f24b4a52f28a5878c45757eef95d6a92fa22e3839a86d50d687463	6161	2026-02-04T02:26:16	/Users/cosmopax/Desktop/projx/reddit_hackathon_games/import_DR/import_documentation/20260204_020801__/Bot_Bouncer___Reddit_for_Developers.md
c90ced2f5535978e4929b4d154ddcf18f6a4536d8acf490fbaffe0e09a6f1300	2995	2026-02-04T02:19:56	/Users/cosmopax/Desktop/projx/reddit_hackathon_games/import_DR/import_documentation/20260204_020801__/DEVVIT_DOCS_INDEX.md
b03f0627745863ebe03ddabc5913757ec6c8daa3e4561a010982eb5aae3e8b0a	7483	2026-02-04T02:26:16	/Users/cosmopax/Desktop/projx/reddit_hackathon_games/import_DR/import_documentation/20260204_020801__/MANIFEST.json
8217eb8982dcd0a2463a95813865c409ebbebd84c399e64045728aac768c06a3	122	2026-02-04T02:26:16	/Users/cosmopax/Desktop/projx/reddit_hackathon_games/import_DR/import_documentation/20260204_020801__/Reddit_Developer_Platform.md
14b0b9ef5a8ffafafbd6e347d4c079dee97c4e14205c6a83f9697a96b4bee0b0	373	2026-02-04T02:26:16	/Users/cosmopax/Desktop/projx/reddit_hackathon_games/import_DR/import_documentation/20260204_020801__/Reddit_for_Developers.md
9eb6c9a4a7c8a921091f24aeeefed969b837856aa9f65399b70ee9abdfe04c1e	149	2026-02-04T02:26:16	/Users/cosmopax/Desktop/projx/reddit_hackathon_games/import_DR/import_documentation/20260204_020801__/_______Community_Home___Topic_Posts___Reddit_for_D.md
f9a5bf26b00f726cefe35f29b54a3e0a340ff25b566bcb5e48182c167c895645	4750	2026-02-04T02:26:16	/Users/cosmopax/Desktop/projx/reddit_hackathon_games/import_DR/import_documentation/20260204_020801__/ai.md
dc599c6fdebc2f3718e72ffd57a2aa71ea5cea5893d206b4e777b9959a620c70	1462	2026-02-04T02:26:16	/Users/cosmopax/Desktop/projx/reddit_hackathon_games/import_DR/import_documentation/20260204_020801__/app-showcase.md
bb7a1e06c735d577c5bb23dd5d5f3cfaabde7a6fa5c13de35a51ab63182e8798	48586	2026-02-04T02:26:16	/Users/cosmopax/Desktop/projx/reddit_hackathon_games/import_DR/import_documentation/20260204_020801__/blog.md
646504013b2c65db0768f9504385a9de4d50c142fb1aa1659d4d62cc2a9b2f84	16111	2026-02-04T02:26:16	/Users/cosmopax/Desktop/projx/reddit_hackathon_games/import_DR/import_documentation/20260204_020801__/changelog.md
e6d382f0fa6314b2c363b126edc5549aa08aa54e64d45b36f6440e925d8a9900	4824	2026-02-04T02:26:16	/Users/cosmopax/Desktop/projx/reddit_hackathon_games/import_DR/import_documentation/20260204_020801__/community_games.md
13c48a8e5717ff9ab1aea57abc5809ccc9873ce8ad19ff8d22005a20ddbffc31	2201	2026-02-04T02:26:16	/Users/cosmopax/Desktop/projx/reddit_hackathon_games/import_DR/import_documentation/20260204_020801__/devvit-singleton.md
04f0d47fceb2c8089e1c0b81a19f97061b76ef59589d0f70633f57b9a6d6cd24	11188	2026-02-04T02:26:16	/Users/cosmopax/Desktop/projx/reddit_hackathon_games/import_DR/import_documentation/20260204_020801__/devvit_cli.md
2b706348f111b014cff01b06689bfacdd57de8fb081f6fdb79f9a060dc5eb9af	28722	2026-02-04T02:26:16	/Users/cosmopax/Desktop/projx/reddit_hackathon_games/import_DR/import_documentation/20260204_020801__/devvit_rules.md
60c9271f2e473ca1ee31cc6269e65dfcf0c730a53a6e073d6de1590d565719f6	12708	2026-02-04T02:26:16	/Users/cosmopax/Desktop/projx/reddit_hackathon_games/import_DR/import_documentation/20260204_020801__/devvit_web_configuration.md
d2b5ea739f20d55f733e36017c0022327c1c18324a1ac13d21c56777b7cce525	5122	2026-02-04T02:26:16	/Users/cosmopax/Desktop/projx/reddit_hackathon_games/import_DR/import_documentation/20260204_020801__/devvit_web_overview.md
2c33992ef152b584f0609c3c9adc2fbcf613a5cd6bc7caf043a99e89a01f527a	1142	2026-02-04T02:26:16	/Users/cosmopax/Desktop/projx/reddit_hackathon_games/import_DR/import_documentation/20260204_020801__/docs.md
d5742d4991a3e04329cdeff467909820e0076918d10f7248cdebbad5c56dc62f	7515	2026-02-04T02:26:16	/Users/cosmopax/Desktop/projx/reddit_hackathon_games/import_DR/import_documentation/20260204_020801__/feature-guide.md
c6792ce9bfdae58f8af8924dffec6fc5159a6e963f6a1d706a9b79b0032f9ca2	6785	2026-02-04T02:26:16	/Users/cosmopax/Desktop/projx/reddit_hackathon_games/import_DR/import_documentation/20260204_020801__/http-fetch.md
ba3357e302f679792b00eb22e0a04dde28e00983539a65ef44c8021bc8b39a83	1827	2026-02-04T02:26:16	/Users/cosmopax/Desktop/projx/reddit_hackathon_games/import_DR/import_documentation/20260204_020801__/intro-games.md
90fa0665b462e5b80b781a2146b12503d3e15523cfe710a4c26a2c8344887c6b	1284	2026-02-04T02:26:16	/Users/cosmopax/Desktop/projx/reddit_hackathon_games/import_DR/import_documentation/20260204_020801__/intro-mod-tools.md
77da9616484df395d1ff6ba5a16be00646d45bc44b270c61f7f48c1662a6123b	4879	2026-02-04T02:26:16	/Users/cosmopax/Desktop/projx/reddit_hackathon_games/import_DR/import_documentation/20260204_020801__/launch-guide.md
bacc8f839618bb3a6810797543e10e534dc4863567044f41b1333fe070d2a207	5327	2026-02-04T02:26:16	/Users/cosmopax/Desktop/projx/reddit_hackathon_games/import_DR/import_documentation/20260204_020801__/launch_screen_customization.md
91ac88509c2621610c625705973fb4e4c3ae42028d948057b2dc03b2d0998d0b	1596	2026-02-04T02:26:16	/Users/cosmopax/Desktop/projx/reddit_hackathon_games/import_DR/import_documentation/20260204_020801__/media-uploads.md
94175296ccbd1f917348adfbc8ad9783ac80475e8ce28bcacdf57634f83e20a3	6661	2026-02-04T02:26:16	/Users/cosmopax/Desktop/projx/reddit_hackathon_games/import_DR/import_documentation/20260204_020801__/menu-actions.md
e9d0737987bfc377a2c3fa66f69b7f671d813a99c86ccc5c56ea2437a457dd3d	5143	2026-02-04T02:26:16	/Users/cosmopax/Desktop/projx/reddit_hackathon_games/import_DR/import_documentation/20260204_020801__/navigation.md
848410ea9466819414a0de15b7e979c9b83a21f8cc4e37abaa20453b96389383	1331	2026-02-04T02:26:16	/Users/cosmopax/Desktop/projx/reddit_hackathon_games/import_DR/import_documentation/20260204_020801__/next.md
34790019a06768284707b7d130cc6617480efbd9493fc4d726478728e1634f11	5142	2026-02-04T02:26:16	/Users/cosmopax/Desktop/projx/reddit_hackathon_games/import_DR/import_documentation/20260204_020801__/overview.md
469dfb50583ce1b56dcbb679f737c5e0a1326db55381f41c8bf5ab7cfcc0f003	20315	2026-02-04T02:26:16	/Users/cosmopax/Desktop/projx/reddit_hackathon_games/import_DR/import_documentation/20260204_020801__/payments_add.md
c6744976b07cd5ca815fdeadd4fad8d1079365bc7267071838c3a9f846507230	2905	2026-02-04T02:26:16	/Users/cosmopax/Desktop/projx/reddit_hackathon_games/import_DR/import_documentation/20260204_020801__/payments_manage.md
0f57790ec08399335e2f9fa5117e24b9087f7971cb3bcbb286be21f4d8981d27	1447	2026-02-04T02:26:16	/Users/cosmopax/Desktop/projx/reddit_hackathon_games/import_DR/import_documentation/20260204_020801__/payments_migrate.md
7327de0281f6b2e6c0008a92a870addf955a9796d1864a68233620b0d87028a2	2191	2026-02-04T02:26:16	/Users/cosmopax/Desktop/projx/reddit_hackathon_games/import_DR/import_documentation/20260204_020801__/payments_overview.md
f2a415725292deb081a79b3683199e67f9be55b8cb5dcdf5d86f0f3884a50efe	961	2026-02-04T02:26:16	/Users/cosmopax/Desktop/projx/reddit_hackathon_games/import_DR/import_documentation/20260204_020801__/payments_publish.md
e72e76b37934882b16d75f93c2df672e8940cd69f64cfc2c71f76881be6c9ac4	1233	2026-02-04T02:26:16	/Users/cosmopax/Desktop/projx/reddit_hackathon_games/import_DR/import_documentation/20260204_020801__/payments_test.md
04c2d5362c2c42ee88eceb4fad360b06e10390cedb4d6271bae7ad02357bcb43	3681	2026-02-04T02:26:16	/Users/cosmopax/Desktop/projx/reddit_hackathon_games/import_DR/import_documentation/20260204_020801__/reddit-api.md
1e18e4c93a4cd26129339c420ac3869b47c01dfc3f755f62468abe5354148a03	36145	2026-02-04T02:26:16	/Users/cosmopax/Desktop/projx/reddit_hackathon_games/import_DR/import_documentation/20260204_020801__/redis.md
253428cf9b5b869b87b396b8a4c0776abe491cc16a017e5db0d02c721f47720b	8195	2026-02-04T02:26:16	/Users/cosmopax/Desktop/projx/reddit_hackathon_games/import_DR/import_documentation/20260204_020801__/scheduler.md
10e468940fd004052762ea4e39a8de6c90cc69edbb9ce2a34e2281fececc0938	3187	2026-02-04T02:26:16	/Users/cosmopax/Desktop/projx/reddit_hackathon_games/import_DR/import_documentation/20260204_020801__/splash_migration.md
8b91421e4322d9e5bf108a1a1190009df5cdea34e5a55c0dfa4c671355ff5510	3852	2026-02-04T02:26:16	/Users/cosmopax/Desktop/projx/reddit_hackathon_games/import_DR/import_documentation/20260204_020801__/support_this_app.md
eea25f1b43fe2b781ec2b148c5b34f197548e0aa5b6f5985b6f82dafc6f3e4e0	3204	2026-02-04T02:26:16	/Users/cosmopax/Desktop/projx/reddit_hackathon_games/import_DR/import_documentation/20260204_020801__/template-library.md
254b3a65f0583f6319c03d9f4bb68c4fc3bdd8f75a3c2a3b5b27351d541a21c6	5066	2026-02-04T02:26:16	/Users/cosmopax/Desktop/projx/reddit_hackathon_games/import_DR/import_documentation/20260204_020801__/triggers.md
9004918d299320d7f0762064950bfa177404d7c826d2832fc19aa5173df99fd1	71	2026-02-04T00:37:17	/Users/cosmopax/Desktop/projx/reddit_hackathon_games/packages/game-01-strategy/devvit.yaml
248ac809d8b76ffe06fa54d60a72eb31974c665d5e1b4484944f29e4abb7b2bd	74	2026-02-04T01:27:35	/Users/cosmopax/Desktop/projx/reddit_hackathon_games/packages/game-02-trivia/devvit.yaml
e0caf6a9af934a0bf7bbf4efd85920f4ce71f9859dcd556c254320888e9e9d46	71	2026-02-04T00:51:55	/Users/cosmopax/Desktop/projx/reddit_hackathon_games/packages/game-03-meme/devvit.yaml
27b7e91f0329cd1733224ba22ee2ee30f565814cb6cf252843334c300e8bf574	38	2026-02-04T01:14:15	/Users/cosmopax/Desktop/projx/reddit_hackathon_games/packages/game-04-duel/devvit.yaml
